,names,name_id,viaf in the header,catnum,section,page no.,catnum as appears,xml,Unnamed: 8,Unnamed: 9,Unnamed: 10,Unnamed: 11
124,Mr. Brown,#_Mr_Brown,,['2097'],Miscellanies.,EPF108491025v,"2097.
            A piece of an ancient plaister'd Wall? Mandible of a
              fish? from Peru by  Dr. Stack from the Collection of Mr. Brown who liv'd there it has some very
              small Chrystalls in its Cavities","<div3 xmlns=""http://www.tei-c.org/ns/1.0"" xmlns:ea=""http://www.enlightenmentarchitectures.org"">
            <ea:catnum type=""primary"" place=""margin"">2097.</ea:catnum>
            <p>A <measure>piece</measure> of an ancient plaister'd<lb/> Wall? Mandible of a
              fish?<lb/> from <placeName ref=""#Peru"">Peru</placeName> by <persName> D<hi rend=""sup"">r</hi>. Stack</persName><lb/> from the Collection of <persName>M<hi rend=""sup"">r</hi>. Brown</persName><lb/> who liv'd there it has <measure>some</measure> very<lb/>
              <measure type=""sizeWeight"">small</measure> Chrystalls in its Cavities</p>
            <p>
              
            </p>
          </div3>

          ",,,,
187,Alexr. Brown,#Alexander_Brown,,['586'],Miscellanies.,EPF108491057,"-586.
            Another quiver wt. 8 arrowes 2
              of them intire Larger then the precedent, the one end
              being headed & besmeared wt. poyson, the other
              having a piece of
              Lignum levissimum fastened to it, There is like wise a
                hollow
              small
              joint of a cane likely to contain poyson & a pencill
              made of a triangular
              hollow stalk likely of some
              cyperus , the hairs of it are like small
              ostridges feathers. These three last out of the
              collection of Alexr. Brown.","<div3 xmlns=""http://www.tei-c.org/ns/1.0"" xmlns:ea=""http://www.enlightenmentarchitectures.org"">
            <ea:catnum type=""primary"" place=""margin"">-586.</ea:catnum>
            <p>Another <add rend=""underline"">quiver</add> w<hi rend=""sup"">t</hi>. 8 arrowes<lb/> 2
              of them <measure>intire</measure> Larger then the<lb/> precedent, the one end
              being<lb/> headed &amp; besmeared w<hi rend=""sup"">t</hi>. poyson,<lb/> the other
              having a <measure>piece</measure> of<lb/>
              <material>Lignum levissimum</material> fastened to<lb/> it, There is like wise a
                <measure type=""shape"">hollow</measure><lb/>
              <measure type=""sizeWeight"">small</measure>
              <measure>joint</measure> of a cane likely to<lb/> contain poyson &amp; a pencill
              made<lb/> of a <measure type=""shape"">triangular</measure>
              <measure type=""shape"">hollow</measure> stalk<lb/> likely of <measure>some</measure>
              <material>cyperus</material> , the hairs<lb/> of it are like <measure type=""sizeWeight"">small</measure>
              <material>ostridges<lb/> feathers</material>. These three last out of<lb/> the
              collection of <persName>Alex<hi rend=""sup"">r</hi>. <add rend=""underline"">Brown</add></persName>.</p>
            <p>
              
            </p>
          </div3>

          ",,,,
189,Dr. Brown,#Dr._Brown,,['596'],Miscellanies.,EPF108491059,"-596.
            An oyle from Florence or Rome for bitings
              of vipers &c? Dr.
                Brown.","<div3 xmlns=""http://www.tei-c.org/ns/1.0"" xmlns:ea=""http://www.enlightenmentarchitectures.org"">
            <ea:catnum type=""primary"" place=""margin"">-596.</ea:catnum>
            <p>An <add rend=""underline""><material>oyle</material></add> from <placeName ref=""#Florence"">Florence</placeName> or <placeName>Rome<lb/></placeName> for bitings
              of vipers &amp;c? <persName><add rend=""underline"">D<hi rend=""sup"">r</hi>.
                Brown</add></persName>.</p>
            <p>
              
            </p>
          </div3>

          ",,,,
190,Dr. Brown,#Dr._Brown,,['597'],Miscellanies.,EPF108491059,"-597.
            Olio contra Veleni, della
              Spezieria de'padri di Sto. Spirito di Fiorenza
              Dr. Brown wt.. an account of its vertues.","<div3 xmlns=""http://www.tei-c.org/ns/1.0"" xmlns:ea=""http://www.enlightenmentarchitectures.org"">
            <ea:catnum type=""primary"" place=""margin"">-597.</ea:catnum>
            <p><add rend=""underline""><material>Olio</material></add> contra Veleni, della
              Spezieria<lb/> de'padri di S<hi rend=""sup"">to</hi>. Spirito di Fiorenza<lb/>
              <persName>D<hi rend=""sup"">r</hi>. <add rend=""underline"">Brown</add></persName> w<hi rend=""sup"">t.</hi>. an account of its<lb/> vertues.</p>
            <p>
              
            </p>
          </div3>

          ",,,,
191,Dr. Brown,#Dr._Brown,,['599'],Miscellanies.,EPF108491059,"-599.
            Liquore da dissenterie o altri flussi della
              Spezieria &c. Dr. Brown.
            
              
              
              67 F","<div3 xmlns=""http://www.tei-c.org/ns/1.0"" xmlns:ea=""http://www.enlightenmentarchitectures.org"">
            <ea:catnum type=""primary"" place=""margin"">-599.</ea:catnum>
            <p>Liquore da <add rend=""underline"">dissenterie</add> o altri flussi<lb/> della
              Spezieria &amp;c. <persName>D<hi rend=""sup"">r</hi>. <add rend=""underline"">Brown</add></persName>.</p>
            <p>
              
              
              <add rend=""red"">67 F</add>
            </p>
          </div3>

          ",,,,
192,Dr. Brown,#Dr._Brown,,['600'],Miscellanies.,EPF108491059,"-600.
            Oleum absynthÿ chymic. 
              Dr. Brown.
            
              
              
              67 F","<div3 xmlns=""http://www.tei-c.org/ns/1.0"" xmlns:ea=""http://www.enlightenmentarchitectures.org"">
            <ea:catnum type=""primary"" place=""margin"">-600.</ea:catnum>
            <p><add rend=""underline""><material>Oleum</material></add> absynthÿ chymic. 
              <persName>D<hi rend=""sup"">r</hi>. <add rend=""underline"">Brown</add></persName>.</p>
            <p>
              
              
              <add rend=""red"">67 F</add>
            </p>
          </div3>




          ",,,,
193,Dr. Brown,#Dr._Brown,,['601'],Miscellanies.,EPF108491060,"-601.
            OP. e cort. citri express. Dr. Brown.","<div3 xmlns=""http://www.tei-c.org/ns/1.0"" xmlns:ea=""http://www.enlightenmentarchitectures.org"">
            <ea:catnum type=""primary"" place=""margin"">-601.</ea:catnum>
            <p>OP. e cort. citri express. <persName>D<hi rend=""sup"">r</hi>. <add rend=""underline"">Brown</add></persName>.</p>
            <p>
              
            </p>
          </div3>

          ",,,,
194,Dr. Br,#Dr._Brown,,['602'],Miscellanies.,EPF108491060,"-602.
            Oleum anisi. Dr. Br.","<div3 xmlns=""http://www.tei-c.org/ns/1.0"" xmlns:ea=""http://www.enlightenmentarchitectures.org"">
            <ea:catnum type=""primary"" place=""margin"">-602.</ea:catnum>
            <p><material>Oleum</material> anisi. <persName>D<hi rend=""sup"">r</hi>. <add rend=""underline"">Br</add></persName>.</p>
            <p>
              
            </p>
          </div3>

          ",,,,
195,Dr. Brown,#Dr._Brown,,['603'],Miscellanies.,EPF108491060,"-603.
            Oleum Salviæ. Dr. Brown.","<div3 xmlns=""http://www.tei-c.org/ns/1.0"" xmlns:ea=""http://www.enlightenmentarchitectures.org"">
            <ea:catnum type=""primary"" place=""margin"">-603.</ea:catnum>
            <p><material>Oleum</material> Salviæ. <persName>D<hi rend=""sup"">r</hi>. <add rend=""underline"">Brown</add></persName>.</p>
            <p>
              
            </p>
          </div3>

          ",,,,
196,Dr. Brown,#Dr._Brown,,['604'],Miscellanies.,EPF108491060,"-604.
            Oleum petrolei? Dr. Brown.","<div3 xmlns=""http://www.tei-c.org/ns/1.0"" xmlns:ea=""http://www.enlightenmentarchitectures.org"">
            <ea:catnum type=""primary"" place=""margin"">-604.</ea:catnum>
            <p><material>Oleum</material> petrolei? <persName>D<hi rend=""sup"">r</hi>. <add rend=""underline"">Brown</add></persName>.</p>
            <p>
              
            </p>
          </div3>

          ",,,,
197,Dr. Brown,#Dr._Brown,,['605'],Miscellanies.,EPF108491060,"-605.
            Unto da nervi, della Spezieria de Padri di S. Spirito di Fiorenza.
              Dr. Brown.","<div3 xmlns=""http://www.tei-c.org/ns/1.0"" xmlns:ea=""http://www.enlightenmentarchitectures.org"">
            <ea:catnum type=""primary"" place=""margin"">-605.</ea:catnum>
            <p>Unto da nervi, della Spezieria de<lb/> Padri di S. Spirito di Fiorenza.<lb/>
              <persName>D<hi rend=""sup"">r</hi>. <add rend=""underline"">Brown</add></persName>.</p>
            <p>
              
            </p>
          </div3>

          ",,,,
198,Dr. Brown,#Dr._Brown,,['606'],Miscellanies.,EPF108491060,"-606.
            Elixir vite. Dr. Brown.","<div3 xmlns=""http://www.tei-c.org/ns/1.0"" xmlns:ea=""http://www.enlightenmentarchitectures.org"">
            <ea:catnum type=""primary"" place=""margin"">-606.</ea:catnum>
            <p>Elixir vite. <persName>D<hi rend=""sup"">r</hi>. <add rend=""underline"">Brown</add></persName>.</p>
            <p>
              
            </p>
          </div3>

          ",,,,
199,Dr. Brown,#Dr._Brown,,['607'],Miscellanies.,EPF108491060,"-607.
            Olio da Stomaco? della Spezieria &c ut. antea.
                  Dr. Brown.","<div3 xmlns=""http://www.tei-c.org/ns/1.0"" xmlns:ea=""http://www.enlightenmentarchitectures.org"">
            <ea:catnum type=""primary"" place=""margin"">-607.</ea:catnum>
            <p><material>Olio</material> da Stomaco? della Spezieria &amp;c<lb/> ut. antea.
                  <persName>D<hi rend=""sup"">r</hi>. <add rend=""underline"">Brown</add></persName>.</p>
            <p>
              
            </p>
          </div3>

          ",,,,
200,Dr. Brown,#Dr._Brown,,['609'],Miscellanies.,EPF108491061,"-609.
            Elixir proprietatis? Dr.
                  Brown.","<div3 xmlns=""http://www.tei-c.org/ns/1.0"" xmlns:ea=""http://www.enlightenmentarchitectures.org"">
            <ea:catnum type=""primary"" place=""margin"">-609.</ea:catnum>
            <p><add rend=""underline"">Elixir</add> proprietatis? <persName>D<hi rend=""sup"">r</hi>.
                  <add rend=""underline"">Brown</add></persName>.</p>
            <p>
              
            </p>
          </div3>

          ",,,,
201,Dr. Brown,#Dr._Brown,,['610'],Miscellanies.,EPF108491061,"-610.
            Gjulebbo o estratto gemmato. della Spezieria &c.
              Dr. Brown.","<div3 xmlns=""http://www.tei-c.org/ns/1.0"" xmlns:ea=""http://www.enlightenmentarchitectures.org"">
            <ea:catnum type=""primary"" place=""margin"">-610.</ea:catnum>
            <p><add rend=""underline"">Gjulebbo</add> o estratto gemmato. <metamark function=""carets"">della Spezieria &amp;c.</metamark>
              <persName>D<hi rend=""sup"">r</hi>. <add rend=""underline"">Brown</add></persName>.</p>
            <p>
              
            </p>
          </div3>

          ",,,,
202,Dr. Br,#Dr._Brown,,['612'],Miscellanies.,EPF108491061,"-612.
            Oil of Bergamot? 
              Dr. Br.","<div3 xmlns=""http://www.tei-c.org/ns/1.0"" xmlns:ea=""http://www.enlightenmentarchitectures.org"">
            <ea:catnum type=""primary"" place=""margin"">-612.</ea:catnum>
            <p><add rend=""underline""><material>Oil</material></add> of Bergamot? 
              <persName>D<hi rend=""sup"">r</hi>. <add rend=""underline"">Br</add></persName>.</p>
            <p>
              
            </p>
          </div3>

          ",,,,
203,Dr. Brown,#Dr._Brown,,['613'],Miscellanies.,EPF108491061,"-613.
            Lozenges or pastills perfumed
                & b burnt at the K. of. Eng. touching for the evill, to
              prevent infection Dr. Brown.
            
              
              19 m","<div3 xmlns=""http://www.tei-c.org/ns/1.0"" xmlns:ea=""http://www.enlightenmentarchitectures.org"">
            <ea:catnum type=""primary"" place=""margin"">-613.</ea:catnum>
            <p><add rend=""underline"">Lozenges or</add> pastills <metamark function=""carets"">perfumed
                &amp; b</metamark> burnt at the<lb/> K. of. Eng. touching for the evill, to
              prevent<lb/> infection <persName>D<hi rend=""sup"">r</hi>. <add rend=""underline"">Brown</add></persName>.</p>
            <p>
              
              <add rend=""red"">19 m</add>
            </p>
          </div3>

          ",,,,
204,Dr. Brown,#Dr._Brown,,['614'],Miscellanies.,EPF108491061,"-614.
            A Brasse Juglers bell ? 
              Dr. Brown.
            
              
              19 g","<div3 xmlns=""http://www.tei-c.org/ns/1.0"" xmlns:ea=""http://www.enlightenmentarchitectures.org"">
            <ea:catnum type=""primary"" place=""margin"">-614.</ea:catnum>
            <p>A <material>Brasse</material> Juglers <add rend=""underline"">bell</add> ? 
              <persName>D<hi rend=""sup"">r</hi>. <add rend=""underline"">Brown</add></persName>.</p>
            <p>
              
              <add rend=""red"">19 g</add>
            </p>
          </div3>

          ",,,,
205,Dr. Br,#Dr._Brown,,['615'],Miscellanies.,EPF108491061,"-615.
            The same. Dr. Br.
            
              
              19 g","<div3 xmlns=""http://www.tei-c.org/ns/1.0"" xmlns:ea=""http://www.enlightenmentarchitectures.org"">
            <ea:catnum type=""primary"" place=""margin"">-615.</ea:catnum>
            <p>The <add rend=""underline"">same</add>. <persName>D<hi rend=""sup"">r</hi>. <add rend=""underline"">Br</add></persName>.</p>
            <p>
              
              <add rend=""red"">19 g</add>
            </p>
          </div3>

          ",,,,
206,Dr. Br,#Dr._Brown,,['616'],Miscellanies.,EPF108491061,"-616.
            China
              Inke. Dr. Br.
            
              
              24 p.","<div3 xmlns=""http://www.tei-c.org/ns/1.0"" xmlns:ea=""http://www.enlightenmentarchitectures.org"">
            <ea:catnum type=""primary"" place=""margin"">-616.</ea:catnum>
            <p><placeName ref=""#China"">China</placeName>
              <add rend=""underline""><material>Inke</material></add>. <persName>D<hi rend=""sup"">r</hi>. <add rend=""underline"">Br</add></persName>.</p>
            <p>
              
              <add rend=""red"">24 p.</add>
            </p>
          </div3>

          ",,,,
207,Dr. Br,#Dr._Brown,,['617'],Miscellanies.,EPF108491061,"-617.
            St. Andrews crosse worn by those
              of the Royall Society on that day. Dr. Br.
            
              
              29 b","<div3 xmlns=""http://www.tei-c.org/ns/1.0"" xmlns:ea=""http://www.enlightenmentarchitectures.org"">
            <ea:catnum type=""primary"" place=""margin"">-617.</ea:catnum>
            <p>S<hi rend=""sup"">t</hi>. Andrews <add rend=""underline"">crosse</add> worn by those
              of<lb/> the Royall Society on that day. <persName>D<hi rend=""sup"">r</hi>. <add rend=""underline"">Br</add></persName>.</p>
            <p>
              
              <add rend=""red"">29 b</add>
            </p>
          </div3>




          ",,,,
208,Dr. Brown,#Dr._Brown,,['618'],Miscellanies.,EPF108491062,"-618.
            A Small thumb piece of 
              ivory to defend the thumb
              against being hurt by the bow string in Shooting from Turkey. Dr. Brown.
            
              
              25","<div3 xmlns=""http://www.tei-c.org/ns/1.0"" xmlns:ea=""http://www.enlightenmentarchitectures.org"">
            <ea:catnum type=""primary"" place=""margin"">-618.</ea:catnum>
            <p>A Small <add rend=""underline"">thumb piece</add> of <metamark function=""carets""/>
              <add rend=""underline""><material>ivory</material></add> to<lb/> defend the thumb
              against being<lb/> hurt by the bow string in Shooting<lb/> from <placeName ref=""#Turkey"">Turkey</placeName>. <persName>D<hi rend=""sup"">r</hi>. <add rend=""underline"">Brown</add></persName>.</p>
            <p>
              
              <add rend=""red"">25</add>
            </p>
          </div3>

          ",,,,
209,Dr. Brown,#Dr._Brown,,['619'],Miscellanies.,EPF108491062,"-619.
            Lapis contrayerva. Dr. Brown.","<div3 xmlns=""http://www.tei-c.org/ns/1.0"" xmlns:ea=""http://www.enlightenmentarchitectures.org"">
            <ea:catnum type=""primary"" place=""margin"">-619.</ea:catnum>
            <p><add rend=""underline"">Lapis contrayerva</add>. <persName>D<hi rend=""sup"">r</hi>. <add rend=""underline"">Brown</add></persName>.</p>
            <p>
              
            </p>
          </div3>

          ",,,,
210,Dr. Brown,#Dr._Brown,,['621'],Miscellanies.,EPF108491062,"-621.
            Pills used by Dr. Brown.
            
              
              19 k","<div3 xmlns=""http://www.tei-c.org/ns/1.0"" xmlns:ea=""http://www.enlightenmentarchitectures.org"">
            <ea:catnum type=""primary"" place=""margin"">-621.</ea:catnum>
            <p><add rend=""underline"">Pills</add> used by <persName>D<hi rend=""sup"">r</hi>. <add rend=""underline"">Brown</add></persName>.</p>
            <p>
              
              <add rend=""red"">19 k</add>
            </p>
          </div3>

          ",,,,
211,Alex. Brown,#Alexander_Brown,,['630'],Miscellanies.,EPF108491063,"-630.
            A Turkish
              tobacco pipe ? Alex.
                Brown.","<div3 xmlns=""http://www.tei-c.org/ns/1.0"" xmlns:ea=""http://www.enlightenmentarchitectures.org"">
            <ea:catnum type=""primary"" place=""margin"">-630.</ea:catnum>
            <p>A <placeName ref=""#Turkey"">Turkish</placeName>
              <add rend=""underline"">tobacco pipe</add> ? <persName>Alex.<lb/>
                <add rend=""underline"">Brown</add></persName>.</p>
            <p>
              
            </p>
          </div3>

          ",,,,
212,Mr. Alexr. Brown,#Alexander_Brown,,['632'],Miscellanies.,EPF108491063,"-632.
            A pair of Chinese Scales & weight wt. the reduction of the China
              weights to English by Mr. Alexr. Brown.
              
            
            
              
              
              
            25
              
            X","<div3 xmlns=""http://www.tei-c.org/ns/1.0"" xmlns:ea=""http://www.enlightenmentarchitectures.org"">
            <ea:catnum type=""primary"" place=""margin"">-632.</ea:catnum>
            <p>A pair of Chinese <add rend=""underline"">Scales &amp; weight</add><lb/> w<hi rend=""sup"">t</hi>. the reduction of the <placeName ref=""#China"">China</placeName>
              weights<lb/> to English by <persName>M<hi rend=""sup"">r</hi>. Alex<hi rend=""sup"">r</hi>. <add rend=""underline"">Brown<lb/></add></persName>.
              </p>
            <gap reason=""illegible""/>
            <p>
              
              
              
            <add rend=""red"">25</add>
              </p>
            <metamark rend=""ink"">X</metamark>
          </div3>



          ",,,,
213,Alexr. Brown,#Alexander_Brown,,['633'],Miscellanies.,EPF108491064,"-633.
            French Money
              Gold weights for guineas &c? from
              Alexr. Brown.
            
              
              21 q.","<div3 xmlns=""http://www.tei-c.org/ns/1.0"" xmlns:ea=""http://www.enlightenmentarchitectures.org"">
            <ea:catnum type=""primary"" place=""margin"">-633.</ea:catnum>
            <p><add hand=""shift""><add rend=""red"">French Money</add></add>
              <material>Gold </material><add rend=""underline"">weights</add> for guineas &amp;c? from<lb/>
              <persName>Alex<hi rend=""sup"">r</hi>. <add rend=""underline"">Brown</add></persName>.</p>
            <p>
              
              <add rend=""red"">21 q.</add>
            </p>
          </div3>

          ",,,,
214,Al. Br.,#Alexander_Brown,,['639'],Miscellanies.,EPF108491065,"-639.
            A small
              ivory foot measure. Al. Br.","<div3 xmlns=""http://www.tei-c.org/ns/1.0"" xmlns:ea=""http://www.enlightenmentarchitectures.org"">
            <ea:catnum type=""primary"" place=""margin"">-639.</ea:catnum>
            <p>A <measure type=""sizeWeight"">small</measure>
              <add rend=""underline""><material>ivory</material></add> foot <add rend=""underline"">measure</add>. <persName>Al. <add rend=""underline"">Br.</add></persName></p>
            <p>
              
            </p>
          </div3>

          ",,,,
215,Al. Br.,#Alexander_Brown,,['640'],Miscellanies.,EPF108491065,"-640.
            A small pair of compasses of brasse.
              Al. Br.","<div3 xmlns=""http://www.tei-c.org/ns/1.0"" xmlns:ea=""http://www.enlightenmentarchitectures.org"">
            <ea:catnum type=""primary"" place=""margin"">-640.</ea:catnum>
            <p>A <measure type=""sizeWeight"">small</measure> pair of <add rend=""underline"">compasses</add> of <material>brasse</material>.<lb/>
              <persName>Al. <add rend=""underline"">Br.</add></persName></p>
            <p>
              
            </p>
          </div3>

          ",,,,
216,AL B.,#Alexander_Brown,,['641'],Miscellanies.,EPF108491065,"-641.
            A small
              hammer. AL B.","<div3 xmlns=""http://www.tei-c.org/ns/1.0"" xmlns:ea=""http://www.enlightenmentarchitectures.org"">
            <ea:catnum type=""primary"" place=""margin"">-641.</ea:catnum>
            <p>A <measure type=""sizeWeight"">small</measure>
              <add rend=""underline"">hammer</add>. <persName>AL <add rend=""underline"">B.</add></persName></p>
            <p>
              
            </p>
          </div3>

          ",,,,
217,Alexr. Br.,#Alexander_Brown,,['642'],Miscellanies.,EPF108491065,"-642.
            A cone of redish
              serpentine Stone from
                  Alexr. Br.
            
              
              19 g.","<div3 xmlns=""http://www.tei-c.org/ns/1.0"" xmlns:ea=""http://www.enlightenmentarchitectures.org"">
            <ea:catnum type=""primary"" place=""margin"">-642.</ea:catnum>
            <p>A <add rend=""underline"">cone</add> of <note type=""colour"">redish</note>
              <add rend=""underline""><material>serpentine Stone</material></add><lb/> from
                  <persName>Alex<hi rend=""sup"">r</hi>. <add rend=""underline"">Br.</add></persName></p>
            <p>
              
              <add rend=""red"">19 g.</add>
            </p>
          </div3>

          ",,,,
218,Al. Br.,#Alexander_Brown,,['649'],Miscellanies.,EPF108491066,"-649.
            A large head of an arrow of
              yellow
              flint , from Scotland?
                Al. Br.
            
              
              
              27 Cab","<div3 xmlns=""http://www.tei-c.org/ns/1.0"" xmlns:ea=""http://www.enlightenmentarchitectures.org"">
            <ea:catnum type=""primary"" place=""margin"">-649.</ea:catnum>
            <p>A <measure type=""sizeWeight"">large</measure> head of an <add rend=""underline"">arrow</add> of<lb/>
              <note type=""colour"">yellow</note>
              <material>flint</material> , from <placeName ref=""#Scotland"">Scotland</placeName>?
                <persName>Al. <add rend=""underline"">Br.</add></persName></p>
            <p>
              
              
              <add rend=""red"">27 Cab</add>
            </p>
          </div3>

          ",,,,
220,Alexr. Brown,#Alexander_Brown,,['652'],Miscellanies.,EPF108491066,"-652.
            Two glasses for a camera
              obscura & painting frame from 
              Mr. Wilson &
              Alexr. Brown.","<div3 xmlns=""http://www.tei-c.org/ns/1.0"" xmlns:ea=""http://www.enlightenmentarchitectures.org"">
            <ea:catnum type=""primary"" place=""margin"">-652.</ea:catnum>
            <p>Two <add rend=""underline"">glasses</add> for a <add rend=""underline"">camera
              obscura</add> &amp;<lb/> painting <add rend=""underline"">frame</add> from 
              <persName ref=""#James_Wilson"">M<hi rend=""sup"">r</hi>. <add rend=""underline"">Wilson</add></persName> &amp;<lb/>
              <persName>Alex<hi rend=""sup"">r</hi>. Brown</persName>.</p>
            <p>
              
            </p>
          </div3>

          ",,,,
223,Alexr. Brown,#Alexander_Brown,,['664'],Miscellanies.,EPF108491068,"-664.
            A Chinese penknife. 
              Alexr. Brown
              hexagonal ivory handle. engraved & filled
                in with black which serves as a case for the sliding
                blade. L. 7 3/4
            
              
              
              25
              A.W.F. 1854.
              X","<div3 xmlns=""http://www.tei-c.org/ns/1.0"" xmlns:ea=""http://www.enlightenmentarchitectures.org"">
            <ea:catnum type=""primary"" place=""margin"">-664.</ea:catnum>
            <p>A Chinese <add rend=""underline"">penknife</add>. 
              <persName>Alex<hi rend=""sup"">r</hi>. <add rend=""underline"">Brown<lb/></add></persName>
              <add hand=""shift"">hexagonal <material>ivory</material> handle. engraved &amp; filled
                in with <note type=""colour"">black</note> which<lb/> serves as a case for the sliding
                blade. L. 7 3/4</add></p>
            <p>
              
              
              <add rend=""red"">25</add>
              <add hand=""later"">A.W.F. 1854.</add>
              <metamark rend=""ink"">X</metamark>
            </p>
          </div3>
          ",,,,
224,Alexr. Brown,#Alexander_Brown,,['665'],Miscellanies.,EPF108491068,"-665.
            A blew
              colour used in China,
              like but lighter then, Indigo . Alexr. Brown.
              Thought to be Prussian Blew","<div3 xmlns=""http://www.tei-c.org/ns/1.0"" xmlns:ea=""http://www.enlightenmentarchitectures.org"">
            <ea:catnum type=""primary"" place=""margin"">-665.</ea:catnum>
            <p>A <note type=""colour"">blew</note>
              <add rend=""underline"">colour</add> used in <placeName ref=""#China"">China</placeName>,
              like but<lb/> lighter then, <note type=""colour"">Indigo</note> . <persName>Alex<hi rend=""sup"">r</hi>. <add rend=""underline"">Brown</add></persName>.<lb/>
              <add hand=""shift"">Thought to be <note type=""colour"">Prussian Blew</note>
              </add></p>
            <p>
              
            </p>
          </div3>

          ",,,,
225,Dr. Br.,#Dr._Brown,,['670'],Miscellanies.,EPF108491069,"-670.
            Flanders
              tiles wt. wch.
              they   floor stables. Dr.
                  Br.","<div3 xmlns=""http://www.tei-c.org/ns/1.0"" xmlns:ea=""http://www.enlightenmentarchitectures.org"">
            <ea:catnum type=""primary"" place=""margin"">-670.</ea:catnum>
            <p><placeName ref=""#Flanders"">Flanders</placeName>
              <add rend=""underline"">tiles</add> w<hi rend=""sup"">t</hi>. w<hi rend=""sup"">ch</hi>.
              they <gap reason=""illegible""> </gap> floor stables. <persName>D<hi rend=""sup"">r</hi>.
                  <add rend=""underline"">Br.</add></persName></p>
            <p>
              
            </p>
          </div3>

          ",,,,
226,Dr. Brown,#Dr._Brown,,['671'],Miscellanies.,EPF108491069,"-671.
            Tops of Syringes? Dr. Brown.
            
              
              19 k.","<div3 xmlns=""http://www.tei-c.org/ns/1.0"" xmlns:ea=""http://www.enlightenmentarchitectures.org"">
            <ea:catnum type=""primary"" place=""margin"">-671.</ea:catnum>
            <p><add rend=""underline"">Tops</add> of Syringes? <persName>D<hi rend=""sup"">r</hi>. <add rend=""underline"">Brown</add></persName>.</p>
            <p>
              
              <add rend=""red"">19 k.</add>
            </p>
          </div3>

          ",,,,
227,Dr. Brown,#Dr._Brown,,['672'],Miscellanies.,EPF108491069,"-672.
            A piece of red
              tile ? Dr. Brown.
            
              
              19. f","<div3 xmlns=""http://www.tei-c.org/ns/1.0"" xmlns:ea=""http://www.enlightenmentarchitectures.org"">
            <ea:catnum type=""primary"" place=""margin"">-672.</ea:catnum>
            <p>A <measure>piece</measure> of <note type=""colour"">red</note>
              <add rend=""underline"">tile</add> ? <persName>D<hi rend=""sup"">r</hi>. <add rend=""underline"">Brown</add></persName>.</p>
            <p>
              
              <add rend=""red"">19. f</add>
            </p>
          </div3>

          ",,,,
228,Dr. Br,#Dr._Brown,,['674'],Miscellanies.,EPF108491069,"-674.
            A black
              enamell or glasse ? Dr. Br.
            
              
              20. J.","<div3 xmlns=""http://www.tei-c.org/ns/1.0"" xmlns:ea=""http://www.enlightenmentarchitectures.org"">
            <ea:catnum type=""primary"" place=""margin"">-674.</ea:catnum>
            <p>A <note type=""colour"">black</note>
              <add rend=""underline""><material>enamell</material></add> or <add rend=""underline""><material>glasse</material></add> ? <persName>D<hi rend=""sup"">r</hi>. <add rend=""underline"">Br</add></persName>.</p>
            <p>
              
              <add rend=""red"">20. J.</add>
            </p>
          </div3>

          ",,,,
229,Dr. Br.,#Dr._Brown,,['675'],Miscellanies.,EPF108491069,"-675.
            Prussia
              sope ? Dr. Br.","<div3 xmlns=""http://www.tei-c.org/ns/1.0"" xmlns:ea=""http://www.enlightenmentarchitectures.org"">
            <ea:catnum type=""primary"" place=""margin"">-675.</ea:catnum>
            <p><placeName ref=""#Prussia"">Prussia</placeName>
              <add rend=""underline""><material>sope</material></add> ? <persName>D<hi rend=""sup"">r</hi>. <add rend=""underline"">Br.</add></persName></p>
          </div3>

          ",,,,
230,Dr. Br,#Dr._Brown,,['676'],Miscellanies.,EPF108491069,"-676.
            A greenish & redish
              marbled
              glasse.
              Dr. Br.","<div3 xmlns=""http://www.tei-c.org/ns/1.0"" xmlns:ea=""http://www.enlightenmentarchitectures.org"">
            <ea:catnum type=""primary"" place=""margin"">-676.</ea:catnum>
            <p>A <note type=""colour"">greenish</note> &amp; <note type=""colour"">redish</note>
              <note type=""colour"">marbled</note>
              <add rend=""underline""><material>glasse</material></add>.<lb/>
              <persName>D<hi rend=""sup"">r</hi>. <add rend=""underline"">Br</add></persName>.</p>
            <p>
              
            </p>
          </div3>

          ",,,,
231,Dr. Br,#Dr._Brown,,['677'],Miscellanies.,EPF108491069,"-677.
            An ivory box in form of a barrell ?
              Dr. Br.
            
              
              19 g","<div3 xmlns=""http://www.tei-c.org/ns/1.0"" xmlns:ea=""http://www.enlightenmentarchitectures.org"">
            <ea:catnum type=""primary"" place=""margin"">-677.</ea:catnum>
            <p>An <add rend=""underline""><material>ivory</material></add> box in form of a <add rend=""underline"">barrell</add> ?<lb/>
              <persName>D<hi rend=""sup"">r</hi>. <add rend=""underline"">Br</add></persName>.</p>
            <p>
              
              <add rend=""red"">19 g</add>
            </p>
          </div3>

          ",,,,
232,Dr. Br,#Dr._Brown,,['678'],Miscellanies.,EPF108491069,"-678.
            An ivory box in form of a button ?
              Dr. Br.","<div3 xmlns=""http://www.tei-c.org/ns/1.0"" xmlns:ea=""http://www.enlightenmentarchitectures.org"">
            <ea:catnum type=""primary"" place=""margin"">-678.</ea:catnum>
            <p>An <material>ivory</material> box in form of a <add rend=""underline"">button</add> ?<lb/>
              <persName>D<hi rend=""sup"">r</hi>. <add rend=""underline"">Br</add></persName>.</p>
            <p>
              
            </p>
          </div3>




          ",,,,
233,Dr. Br,#Dr._Brown,,['679'],Miscellanies.,EPF108491070,"-679.
            Lake. Dr. Br.
            
              
              19 k.","<div3 xmlns=""http://www.tei-c.org/ns/1.0"" xmlns:ea=""http://www.enlightenmentarchitectures.org"">
            <ea:catnum type=""primary"" place=""margin"">-679.</ea:catnum>
            <p>Lake. <persName>D<hi rend=""sup"">r</hi>. <add rend=""underline"">Br</add></persName>.</p>
            <p>
              
              <add rend=""red"">19 k.</add>
            </p>
          </div3>

          ",,,,
234,Dr. Br,#Dr._Brown,,['680'],Miscellanies.,EPF108491070,"-680.
            Masticut a colour. Dr. Br.
            
              
              19 k.","<div3 xmlns=""http://www.tei-c.org/ns/1.0"" xmlns:ea=""http://www.enlightenmentarchitectures.org"">
            <ea:catnum type=""primary"" place=""margin"">-680.</ea:catnum>
            <p>Masticut a <add rend=""underline"">colour</add>. <persName>D<hi rend=""sup"">r</hi>. <add rend=""underline"">Br</add></persName>.</p>
            <p>
              
              <add rend=""red"">19 k.</add>
            </p>
          </div3>

          ",,,,
235,Dr. Brown,#Dr._Brown,,['681'],Miscellanies.,EPF108491070,"-681.
            Nodulus e benzoino , Tacamahaca & balsamo
              Peruviano. Dr. Brown. an to refresh by its scent?
            
              
              19 m","<div3 xmlns=""http://www.tei-c.org/ns/1.0"" xmlns:ea=""http://www.enlightenmentarchitectures.org"">
            <ea:catnum type=""primary"" place=""margin"">-681.</ea:catnum>
            <p><add rend=""underline"">Nodulus e benzoino</add> , Tacamahaca &amp;<lb/> balsamo
              Peruviano. <persName>D<hi rend=""sup"">r</hi>. <add rend=""underline"">Brown</add></persName>.<lb/> an to refresh by its scent?</p>
            <p>
              
              <add rend=""red"">19 m</add>
            </p>
          </div3>

          ",,,,
236,Dr. Br,#Dr._Brown,,['682'],Miscellanies.,EPF108491070,"-682.
            Nodulus e balsamo de Tolu, Tacama =haca benzoin.
              & bals. Peruv. cum ol. absynth. chym. gtt. ÿ?
                  Dr. Br.
            
              
              19 m","<div3 xmlns=""http://www.tei-c.org/ns/1.0"" xmlns:ea=""http://www.enlightenmentarchitectures.org"">
            <ea:catnum type=""primary"" place=""margin"">-682.</ea:catnum>
            <p><add rend=""underline"">Nodulus</add> e balsamo de Tolu, Tacama<lb/> =haca benzoin.
              &amp; bals. Peruv. cum<lb/> ol. absynth. chym. g<hi rend=""sup"">tt</hi>. ÿ?
                  <persName>D<hi rend=""sup"">r</hi>. <add rend=""underline"">Br</add></persName>.</p>
            <p>
              
              <add rend=""red"">19 m</add>
            </p>
          </div3>

          ",,,,
237,Dr. Br,#Dr._Brown,,['683'],Miscellanies.,EPF108491070,"-683.
            Species hieræ picræ. Dr. Br.
            
              
              19 k","<div3 xmlns=""http://www.tei-c.org/ns/1.0"" xmlns:ea=""http://www.enlightenmentarchitectures.org"">
            <ea:catnum type=""primary"" place=""margin"">-683.</ea:catnum>
            <p><add rend=""underline"">Species</add> hieræ picræ. <persName>D<hi rend=""sup"">r</hi>. <add rend=""underline"">Br</add></persName>.</p>
            <p>
              
              <add rend=""red"">19 k</add>
            </p>
          </div3>

          ",,,,
238,Dr. Br.,#Dr._Brown,,['684'],Miscellanies.,EPF108491070,"-684.
            Empl. de vanis cum mercurio. Dr. Br.
            
              
              19 k","<div3 xmlns=""http://www.tei-c.org/ns/1.0"" xmlns:ea=""http://www.enlightenmentarchitectures.org"">
            <ea:catnum type=""primary"" place=""margin"">-684.</ea:catnum>
            <p><add rend=""underline"">Empl.</add> de vanis cum mercurio. <persName>D<hi rend=""sup"">r</hi>. <add rend=""underline"">Br.</add></persName></p>
            <p>
              
              <add rend=""red"">19 k</add>
            </p>
          </div3>

          ",,,,
240,Dr. Br.,#Dr._Brown,,['686'],Miscellanies.,EPF108491070,"-686.
            Three Spoons of wood in a
                leather case to be shoov'd asunder. Dr. Br.
            
              
              19. o.","<div3 xmlns=""http://www.tei-c.org/ns/1.0"" xmlns:ea=""http://www.enlightenmentarchitectures.org"">
            <ea:catnum type=""primary"" place=""margin"">-686.</ea:catnum>
            <p>Three <add rend=""underline"">Spoons</add> of <material>wood</material> in a
                <material>leather</material> case to<lb/> be shoov'd asunder. <persName>D<hi rend=""sup"">r</hi>. <add rend=""underline"">Br.</add></persName></p>
            <p>
              
              <add rend=""red"">19. o.</add>
            </p>
          </div3>

          ",,,,
241,Dr. Browne,#Dr_Browne,,['693'],Miscellanies.,EPF108491071,"-693.
            A red
              medicine. Dr. Browne.
            
              
              19 k","<div3 xmlns=""http://www.tei-c.org/ns/1.0"" xmlns:ea=""http://www.enlightenmentarchitectures.org"">
            <ea:catnum type=""primary"" place=""margin"">-693.</ea:catnum>
            <p>A <note type=""colour"">red</note>
              <add rend=""underline"">medicine</add>. <persName>D<hi rend=""sup"">r</hi>. <add rend=""underline"">Browne</add></persName>.</p>
            <p>
              
              <add rend=""red"">19 k</add>
            </p>
          </div3>

          ",,,,
242,Dr. Brown,#Dr._Brown,,['694'],Miscellanies.,EPF108491071,"-694.
            Glasse found at the bottom of a
              lime kiln. Dr. Brown
            
              
              20 J.","<div3 xmlns=""http://www.tei-c.org/ns/1.0"" xmlns:ea=""http://www.enlightenmentarchitectures.org"">
            <ea:catnum type=""primary"" place=""margin"">-694.</ea:catnum>
            <p><add rend=""underline""><material>Glasse</material></add> found at the bottom of a<lb/>
              lime kiln. <persName>D<hi rend=""sup"">r</hi>. <add rend=""underline"">Brown</add></persName></p>
            <p>
              
              <add rend=""red"">20 J.</add>
            </p>
          </div3>

          ",,,,
244,Dr. Brown,#Dr._Brown,,['698'],Miscellanies.,EPF108491072,"-698.
            A mixture of cantharides &c.
                
              Dr. Brown. an
              that of Dr. Groenfield ?
            
              
              19 m","<div3 xmlns=""http://www.tei-c.org/ns/1.0"" xmlns:ea=""http://www.enlightenmentarchitectures.org"">
            <ea:catnum type=""primary"" place=""margin"">-698.</ea:catnum>
            <p>A mixture of <add rend=""underline""><material>cantharides</material></add> &amp;c.
                <lb/>
              <persName>D<hi rend=""sup"">r</hi>. <add rend=""underline"">Brown</add></persName>. an
              that of <persName>D<hi rend=""sup"">r</hi>. <add rend=""underline"">Groenfield</add></persName> ?</p>
            <p>
              
              <add rend=""red"">19 m</add>
            </p>
          </div3>

          ",,,,
304,Ld Cadogan,#Charles_Cadogan,41706359.0,['970'],Miscellanies.,EPF108491103,"-970.
            A Bowl, A tea pott, 7 saucers 6 cups, a sugar dish
              & cover & tea canister. all made
              of past board & paper painted upon to imitate China
              ware made by a Dutchman who lived in Japan. given me by
                Ld
                Cadogan. X
            
              
              30 b
            

            
            
              A W F. 1886","<div3 xmlns=""http://www.tei-c.org/ns/1.0"" xmlns:ea=""http://www.enlightenmentarchitectures.org"">
            <ea:catnum type=""primary"" place=""margin"">-970.</ea:catnum>
            <p>A Bowl, A <add rend=""underline"">tea</add> pott, 7 saucers<lb/> 6 cups, a sugar dish
              &amp; cover <metamark function=""carets"">&amp; tea canister.</metamark> all<lb/> made
              of <material>past board &amp; paper</material><lb/> painted upon to imitate China<lb/>
              ware made by a Dutchman<lb/> who lived in <placeName>Japan</placeName>. given me by
                <persName>L<hi rend=""sup"">d</hi>
                <add rend=""underline"">Cadogan</add></persName>. X</p>
            <p>
              
              <add rend=""red"">30 b</add>
            </p>

            <metamark rend=""ink""/>
            <p>
              <add hand=""later"">A W F. 1886 
                
                <lb/>
                <lb/>
                <lb/>
                <lb/>
                <lb/>
                <lb/>
                <lb/>
                <gap reason=""illegible""> </gap>
                <lb/>
                <lb/>
                </add>
            </p>
            <lb/>
          </div3>

          ",,,,
563,Sr. Tho. Brown's,#Thomas_Browne,41925299.0,['109'],Antiquities.,EPF108491164,"-109.
            An urn the first figured in  Sr. Tho.
                  Brown's hydriotaphia, found in
              Norfolk. Id.","<div3 xmlns=""http://www.tei-c.org/ns/1.0"" xmlns:ea=""http://www.enlightenmentarchitectures.org"">
            <ea:catnum type=""primary"" place=""margin"">-109.</ea:catnum>
            <p>An <add rend=""underline"">urn</add> the first figured in <bibl><persName> S<hi rend=""sup"">r</hi>. Tho.<lb/>
                  <add rend=""underline"">Brown's</add></persName> hydriotaphia</bibl>, found in<lb/>
              <placeName ref=""#Norfolk"">Norfolk</placeName>. <add rend=""underline"">Id.</add></p>
            <p>
              
            </p>
          </div3>

          ",,,,
567,Dr. Brown,#Dr._Brown,,['123'],Antiquities.,EPF108491166,"-123.
            A piece of a tile or Vessell of pale
              red
              earth wt. Roman letters on it in 2 lines. Dr.
                  Brown","<div3 xmlns=""http://www.tei-c.org/ns/1.0"" xmlns:ea=""http://www.enlightenmentarchitectures.org"">
            <ea:catnum type=""primary"" place=""margin"">-123.</ea:catnum>
            <p>A <measure>piece</measure> of a <add rend=""underline"">tile</add> or <add rend=""underline"">Vessell</add> of pale<lb/>
              <note type=""colour"">red</note>
              <material>earth</material> w<hi rend=""sup"">t</hi>. <placeName ref=""#Rome"">Roman</placeName> letters on it in<lb/> 2 lines. <persName>D<hi rend=""sup"">r</hi>.
                  <add rend=""underline"">Brown</add></persName></p>
            <p>
              
            </p>
          </div3>

          ",,,,
568,Dr. Br.,#Dr._Brown,,['132'],Antiquities.,EPF108491167,"-132.
            A piece of another vessell or Roman
              tile with one row of letters of a
              paler coloured gray
              earth. Dr. Br.","<div3 xmlns=""http://www.tei-c.org/ns/1.0"" xmlns:ea=""http://www.enlightenmentarchitectures.org"">
            <ea:catnum type=""primary"" place=""margin"">-132.</ea:catnum>
            <p>A <measure>piece</measure> of another <add rend=""underline"">vessell</add> or Roman<lb/>
              <add rend=""underline"">tile</add> with one <measure>row</measure> of letters of a<lb/>
              paler coloured <note type=""colour"">gray</note>
              <material>earth</material>. <persName>D<hi rend=""sup"">r</hi>. <add rend=""underline"">Br.</add></persName></p>
            <p>
              
            </p>
          </div3>

          ",,,,
573,Dr. Br.,#Dr._Brown,,['138'],Antiquities.,EPF108491168,"-138.
            The hand of a brasse statue of
              Jupiter holding a thunderbolt.  Dr. Br.","<div3 xmlns=""http://www.tei-c.org/ns/1.0"" xmlns:ea=""http://www.enlightenmentarchitectures.org"">
            <ea:catnum type=""primary"" place=""margin"">-138.</ea:catnum>
            <p>The <add rend=""underline"">hand</add> of a <material>brasse</material> statue of<lb/>
              <add rend=""underline"">Jupiter</add> holding a thunderbolt. <persName> D<hi rend=""sup"">r</hi>. <add rend=""underline"">Br.</add></persName></p>
            <p>
              
            </p>
          </div3>

          ",,,,
574,Dr. Br,#Dr._Brown,,['139'],Antiquities.,EPF108491168,"-139.
            A piece of an urn of gray
              earth. -
              Dr. Br.","<div3 xmlns=""http://www.tei-c.org/ns/1.0"" xmlns:ea=""http://www.enlightenmentarchitectures.org"">
            <ea:catnum type=""primary"" place=""margin"">-139.</ea:catnum>
            <p>A <measure>piece</measure> of an <add rend=""underline"">urn</add> of <note type=""colour"">gray</note>
              <material>earth</material>. -<lb/>
              <persName>D<hi rend=""sup"">r</hi>. <add rend=""underline"">Br</add></persName>.</p>
            <p>
              
            </p>
          </div3>

          ",,,,
575,Dr. Br.,#Dr._Brown,,['140'],Antiquities.,EPF108491168,"-140.
            An Ancient ivory comb ? with some
              brasse plates.  Dr. Br.
            
              
              20 M","<div3 xmlns=""http://www.tei-c.org/ns/1.0"" xmlns:ea=""http://www.enlightenmentarchitectures.org"">
            <ea:catnum type=""primary"" place=""margin"">-140.</ea:catnum>
            <p>An Ancient <add rend=""underline""><material>ivory</material> comb</add> ? with some<lb/>
              <add rend=""underline""><material>brasse</material> plates</add>. <persName> D<hi rend=""sup"">r</hi>. <add rend=""underline"">Br.</add></persName></p>
            <p>
              
              <add rend=""red"">20 M</add>
            </p>
          </div3>

          ",,,,
576,E. B.,#Edward_Browne,88813424.0,['144'],Antiquities.,EPF108491168,"-144.
            An old Roman key found at  in Hungarie by my son E. B.1669.
              an a fibula ? wt. 2 ancient brasse pieces of a fibula ? wt. other pieces of fibula from Reculver cliffe in
                Kent.","<div3 xmlns=""http://www.tei-c.org/ns/1.0"" xmlns:ea=""http://www.enlightenmentarchitectures.org"">
            <ea:catnum type=""primary"" place=""margin"">-144.</ea:catnum>
            <p>An old Roman <add rend=""underline"">key</add> found at <lb/> in <placeName ref=""#Hungary"">Hungarie</placeName> by my son <persName>E. <add rend=""underline"">B.</add></persName>1669.<lb/>
              an a <add rend=""underline"">fibula</add> ? w<hi rend=""sup"">t</hi>. 2 ancient <material>brasse</material><lb/> pieces of a <add rend=""underline"">fibula</add> ? w<hi rend=""sup"">t</hi>. other pieces of <add rend=""underline"">fibula</add><lb/> from <placeName ref=""#Reculver"">Reculver</placeName> cliffe in
                <placeName ref=""#Kent"">Kent</placeName>.</p>
            <p>
              
            </p>
          </div3>




          ",,,,
577,Dr. Br,#Dr._Brown,,['145'],Antiquities.,EPF108491169,"-145.
            One of the pieces of ancient Mosaic work? 
              Dr. Br.","<div3 xmlns=""http://www.tei-c.org/ns/1.0"" xmlns:ea=""http://www.enlightenmentarchitectures.org"">
            <ea:catnum type=""primary"" place=""margin"">-145.</ea:catnum>
            <p>One of the pieces of ancient <add rend=""underline"">Mosaic</add><lb/> work? 
              <persName>D<hi rend=""sup"">r</hi>. <add rend=""underline"">Br</add></persName>.</p>
            <p>
              
              <gap reason=""illegible""/>
            </p>
          </div3>

          ",,,,
578,Dr. Br,#Dr._Brown,,['146'],Antiquities.,EPF108491169,"-146.
            A  hite large
              piece of W marble
              blackned over for the same?
                Dr. Br.","<div3 xmlns=""http://www.tei-c.org/ns/1.0"" xmlns:ea=""http://www.enlightenmentarchitectures.org"">
            <ea:catnum type=""primary"" place=""margin"">-146.</ea:catnum>
            <p>A  hite <measure type=""sizeWeight"">large</measure>
              <measure>piece</measure> of W <add rend=""underline"">marble</add><lb/>
              <note type=""colour"">blackned</note> over for<gap reason=""illegible""/> the same?
                <persName>D<hi rend=""sup"">r</hi>. <add rend=""underline"">Br</add></persName>.</p>
            <p>
              
            </p>
          </div3>

          ",,,,
579,Dr. Br,#Dr._Brown,,['148'],Antiquities.,EPF108491169,"-148.
            A piece of a brick out of the old
              Roman arch at Carnuntum nigh Petro= =nell
              3 German miles from Presburg 7 from
                Vienna. Dr. Br.","<div3 xmlns=""http://www.tei-c.org/ns/1.0"" xmlns:ea=""http://www.enlightenmentarchitectures.org"">
            <ea:catnum type=""primary"" place=""margin"">-148.</ea:catnum>
            <p>A <measure>piece</measure> of a <add rend=""underline"">brick</add> out of the old<lb/>
              Roman arch at <placeName ref=""#Carnuntum"">Carnuntum</placeName> nigh Petro=<lb/> =nell
              3 German miles from <placeName ref=""#Bratislava"">Presburg</placeName> 7<lb/> from
                <placeName ref=""#Vienna"">Vienna</placeName>. <persName>D<hi rend=""sup"">r</hi>. <add rend=""underline"">Br</add></persName>.</p>
            <p>
              
            </p>
          </div3>

          ",,,,
641,Mr. Cadogan,#Charles_Cadogan,41706359.0,['1127'],Antiquities.,EPF108491177v,"1127.
            
               A blew flower an  Hyacinth Modern made at Room & given me by My Grandson 
                Mr. Cadogan","<div3 xmlns=""http://www.tei-c.org/ns/1.0"" xmlns:ea=""http://www.enlightenmentarchitectures.org"">
            <ea:catnum type=""primary"" place=""margin"">1127.</ea:catnum>
            <p>
              <add hand=""shift""> A <note type=""colour"">blew</note> flower an <gap reason=""illegible""/> Hyacinth Modern<lb/> made at Room &amp; given me by My<lb/> Grandson 
                <persName>M<hi rend=""sup"">r</hi>. Cadogan</persName></add>
            </p>
          </div3>

          ",,,,
658,Lord Cadogan,#Charles_Cadogan,41706359.0,['244*'],Antiquities.,EPF108491180,"-244*.
            Osyris? Taken up from the ditch in repairing the
              fortifications at Port Mahon in Minorca
              given to me by Lord 
                Cadogan.  Osyris standing wt : two Litui in
                his hands. Wt : a three cornered cape","<div3 xmlns=""http://www.tei-c.org/ns/1.0"" xmlns:ea=""http://www.enlightenmentarchitectures.org"">
            <ea:catnum type=""primary"" place=""margin"">-244<hi rend=""sup"">*</hi>.</ea:catnum>
            <p><add rend=""underline"">Osyris?</add> Taken up from the ditch<lb/> in repairing the
              fortifications at<lb/> Port Mahon in <placeName ref=""#Menorca"">Minorca</placeName>
              given<lb/> to me by <persName>Lord 
                <add rend=""underline"">Cadogan</add></persName>. <add hand=""shift""> Osyris <metamark function=""carets"">standing</metamark> w<hi rend=""sup"">t</hi> : two Litui in<lb/>
                his hands. W<hi rend=""sup"">t</hi> : a three cornered cape</add></p>
            <p>
              
            </p>
          </div3>

          ",,,,
868,Sr. Thomas Brown,#Thomas_Browne,41925299.0,['201'],Pictures &c.,EPF108491253,"-201.
            3 Green 
              plover? done on paper
              from 
              Sr. Thomas Brown. given me by
               Mr. Brigstock","<div3 xmlns=""http://www.tei-c.org/ns/1.0"" xmlns:ea=""http://www.enlightenmentarchitectures.org"">
            <ea:catnum type=""primary"" place=""margin"">-201.</ea:catnum>
            <p>3 Green 
              <add rend=""underline"">plover?</add> done on <add rend=""underline"">paper</add>
              from <lb/>
              <persName>S<hi rend=""sup"">r</hi>. Thomas <add rend=""underline"">Brown</add></persName>. given me by<lb/>
              <persName> M<hi rend=""sup"">r</hi>. <add rend=""underline"">Brigstock</add></persName></p>
            <p>
              
              
            </p>
          </div3>




          ",,,,
877,Dr. Br,#Dr._Brown,,['219'],Pictures &c.,EPF108491256,"-219.
            A piece of dead birds  Dr. Br.","<div3 xmlns=""http://www.tei-c.org/ns/1.0"" xmlns:ea=""http://www.enlightenmentarchitectures.org"">
            <ea:catnum type=""primary"" place=""margin"">-219.</ea:catnum>
            <p>A piece of dead birds <persName> D<hi rend=""sup"">r</hi>. <add rend=""underline"">Br</add></persName>.</p>
            <p>
              
            </p>
          </div3>

          ",,,,
